Arthdal Chronicles;8;2;https://www.spin-off.fr/episode08-411009-01102023-saison2-Arthdal-Chronicles.html # string integer integer string
The Irrational;2;1;https://www.spin-off.fr/episode02-409167-02102023-saison1-The-Irrational.html # string integer integer string
Hudson & Rex;1;6;https://www.spin-off.fr/episode01-410258-04102023-saison6-Hudson--Rex.html # string integer integer string
Lupin;3;3;https://www.spin-off.fr/episode03-404381-05102023-saison3-Lupin.html # string integer integer string
Gen V;4;1;https://www.spin-off.fr/episode04-408428-06102023-saison1-Gen-V.html # string integer integer string
Bob's Burgers;2;14;https://www.spin-off.fr/episode02-410729-08102023-saison14-Bob-s-Burgers.html # string integer integer string
Alexandra Ehle;2;4;https://www.spin-off.fr/episode02-405395-10102023-saison4-Alexandra-Ehle.html # string integer integer string
Nada;2;1;https://www.spin-off.fr/episode02-411069-11102023-saison1-Nada.html # string integer integer string
All Creatures Great and Small (2020);2;4;https://www.spin-off.fr/episode02-410698-12102023-saison4-All-Creatures-Great-and-Small-(2020).html # string integer integer string
The Fall of the House of Usher;3;1;https://www.spin-off.fr/episode03-411091-12102023-saison1-The-Fall-of-the-House-of-Usher.html # string integer integer string
John Carpenter's Suburban Screams;1;1;https://www.spin-off.fr/episode01-410425-13102023-saison1-John-Carpenter-s-Suburban-Screams.html # string integer integer string
Rick and Morty;1;7;https://www.spin-off.fr/episode01-409644-15102023-saison7-Rick-and-Morty.html # string integer integer string
Les invisibles (FRA);2;3;https://www.spin-off.fr/episode02-411304-18102023-saison3-Les-invisibles-(FRA).html # string integer integer string
LT-21;3;1;https://www.spin-off.fr/episode03-408964-19102023-saison1-LT-21.html # string integer integer string
Big Mouth;1;7;https://www.spin-off.fr/episode01-410260-20102023-saison7-Big-Mouth.html # string integer integer string
Élite;4;7;https://www.spin-off.fr/episode04-407353-20102023-saison7-Elite.html # string integer integer string
Family Guy;3;22;https://www.spin-off.fr/episode03-410998-22102023-saison22-Family-Guy.html # string integer integer string
I Leoni di Sicilia;1;1;https://www.spin-off.fr/episode01-411334-25102023-saison1-I-Leoni-di-Sicilia.html # string integer integer string
The Vanishing Triangle;1;1;https://www.spin-off.fr/episode01-410193-26102023-saison1-The-Vanishing-Triangle.html # string integer integer string
Krapopolis;6;1;https://www.spin-off.fr/episode06-410700-29102023-saison1-Krapopolis.html # string integer integer string
Behind Your Touch;16;1;https://www.spin-off.fr/episode16-408686-01102023-saison1-Behind-Your-Touch.html # string integer integer string
The Long Shadow;2;1;https://www.spin-off.fr/episode02-410620-02102023-saison1-The-Long-Shadow.html # string integer integer string
Ici tout commence;28;4;https://www.spin-off.fr/episode28-410917-04102023-saison4-Ici-tout-commence.html # string integer integer string
Lupin;4;3;https://www.spin-off.fr/episode04-404382-05102023-saison3-Lupin.html # string integer integer string
Ghosts (UK);1;5;https://www.spin-off.fr/episode01-410534-06102023-saison5-Ghosts-(UK).html # string integer integer string
Entre Tierras;5;1;https://www.spin-off.fr/episode05-410971-08102023-saison1-Entre-Tierras.html # string integer integer string
À coeur battant;5;2;https://www.spin-off.fr/episode05-410930-10102023-saison2-A-coeur-battant.html # string integer integer string
Nada;3;1;https://www.spin-off.fr/episode03-411070-11102023-saison1-Nada.html # string integer integer string
Alphonse;1;1;https://www.spin-off.fr/episode01-411024-12102023-saison1-Alphonse.html # string integer integer string
The Fall of the House of Usher;4;1;https://www.spin-off.fr/episode04-411092-12102023-saison1-The-Fall-of-the-House-of-Usher.html # string integer integer string
Lessons In Chemistry;1;1;https://www.spin-off.fr/episode01-406597-13102023-saison1-Lessons-In-Chemistry.html # string integer integer string
SkyMed;3;2;https://www.spin-off.fr/episode03-410741-15102023-saison2-SkyMed.html # string integer integer string
Les invisibles (FRA);3;3;https://www.spin-off.fr/episode03-411305-18102023-saison3-Les-invisibles-(FRA).html # string integer integer string
LT-21;4;1;https://www.spin-off.fr/episode04-408965-19102023-saison1-LT-21.html # string integer integer string
Big Mouth;2;7;https://www.spin-off.fr/episode02-411318-20102023-saison7-Big-Mouth.html # string integer integer string
Élite;5;7;https://www.spin-off.fr/episode05-407354-20102023-saison7-Elite.html # string integer integer string
Fear the Walking Dead;7;8;https://www.spin-off.fr/episode07-408754-22102023-saison8-Fear-the-Walking-Dead.html # string integer integer string
I Leoni di Sicilia;2;1;https://www.spin-off.fr/episode02-411335-25102023-saison1-I-Leoni-di-Sicilia.html # string integer integer string
The Vanishing Triangle;2;1;https://www.spin-off.fr/episode02-410194-26102023-saison1-The-Vanishing-Triangle.html # string integer integer string
Les Mystères de l'amour;12;33;https://www.spin-off.fr/episode12-411100-29102023-saison33-Les-Mysteres-de-l-amour.html # string integer integer string
Bob's Burgers;1;14;https://www.spin-off.fr/episode01-408094-01102023-saison14-Bob-s-Burgers.html # string integer integer string
The Long Shadow;3;1;https://www.spin-off.fr/episode03-410816-02102023-saison1-The-Long-Shadow.html # string integer integer string
Invasion (2021);7;2;https://www.spin-off.fr/episode07-407971-04102023-saison2-Invasion-(2021).html # string integer integer string
Lupin;5;3;https://www.spin-off.fr/episode05-404383-05102023-saison3-Lupin.html # string integer integer string
Ghosts (UK);2;5;https://www.spin-off.fr/episode02-410722-06102023-saison5-Ghosts-(UK).html # string integer integer string
Family Guy;2;22;https://www.spin-off.fr/episode02-410730-08102023-saison22-Family-Guy.html # string integer integer string
Club Soly;5;3;https://www.spin-off.fr/episode05-411047-10102023-saison3-Club-Soly.html # string integer integer string
Nada;4;1;https://www.spin-off.fr/episode04-411071-11102023-saison1-Nada.html # string integer integer string
Alphonse;2;1;https://www.spin-off.fr/episode02-411131-12102023-saison1-Alphonse.html # string integer integer string
The Fall of the House of Usher;5;1;https://www.spin-off.fr/episode05-411093-12102023-saison1-The-Fall-of-the-House-of-Usher.html # string integer integer string
Lessons In Chemistry;2;1;https://www.spin-off.fr/episode02-406598-13102023-saison1-Lessons-In-Chemistry.html # string integer integer string
The Walking Dead: Daryl Dixon;6;1;https://www.spin-off.fr/episode06-409849-15102023-saison1-The-Walking-Dead-Daryl-Dixon.html # string integer integer string
Les invisibles (FRA);4;3;https://www.spin-off.fr/episode04-411306-18102023-saison3-Les-invisibles-(FRA).html # string integer integer string
Nackt über Berlin;4;1;https://www.spin-off.fr/episode04-410611-19102023-saison1-Nackt-uber-Berlin.html # string integer integer string
Big Mouth;3;7;https://www.spin-off.fr/episode03-411319-20102023-saison7-Big-Mouth.html # string integer integer string
Élite;6;7;https://www.spin-off.fr/episode06-407355-20102023-saison7-Elite.html # string integer integer string
Heartland (CA);4;17;https://www.spin-off.fr/episode04-410871-22102023-saison17-Heartland-(CA).html # string integer integer string
I Leoni di Sicilia;3;1;https://www.spin-off.fr/episode03-411336-25102023-saison1-I-Leoni-di-Sicilia.html # string integer integer string
Billions;12;7;https://www.spin-off.fr/episode12-409777-27102023-saison7-Billions.html # string integer integer string
Rick and Morty;3;7;https://www.spin-off.fr/episode03-411159-29102023-saison7-Rick-and-Morty.html # string integer integer string
Entre Tierras;4;1;https://www.spin-off.fr/episode04-410970-01102023-saison1-Entre-Tierras.html # string integer integer string
The Long Shadow;4;1;https://www.spin-off.fr/episode04-410897-02102023-saison1-The-Long-Shadow.html # string integer integer string
Magnum P.I. (2018);11;5;https://www.spin-off.fr/episode11-409152-04102023-saison5-Magnum-PI-(2018).html # string integer integer string
Lupin;6;3;https://www.spin-off.fr/episode06-404384-05102023-saison3-Lupin.html # string integer integer string
Ghosts (UK);3;5;https://www.spin-off.fr/episode03-410723-06102023-saison5-Ghosts-(UK).html # string integer integer string
Heartland (CA);2;17;https://www.spin-off.fr/episode02-410535-08102023-saison17-Heartland-(CA).html # string integer integer string
Demain nous appartient;37;7;https://www.spin-off.fr/episode37-411034-10102023-saison7-Demain-nous-appartient.html # string integer integer string
Nada;5;1;https://www.spin-off.fr/episode05-411072-11102023-saison1-Nada.html # string integer integer string
Alphonse;3;1;https://www.spin-off.fr/episode03-411132-12102023-saison1-Alphonse.html # string integer integer string
The Fall of the House of Usher;6;1;https://www.spin-off.fr/episode06-411094-12102023-saison1-The-Fall-of-the-House-of-Usher.html # string integer integer string
Power Book IV: Force;7;2;https://www.spin-off.fr/episode07-410802-13102023-saison2-Power-Book-IV-Force.html # string integer integer string
The Winter King;7;1;https://www.spin-off.fr/episode07-409133-15102023-saison1-The-Winter-King.html # string integer integer string
Les invisibles (FRA);5;3;https://www.spin-off.fr/episode05-411307-18102023-saison3-Les-invisibles-(FRA).html # string integer integer string
Nackt über Berlin;5;1;https://www.spin-off.fr/episode05-410612-19102023-saison1-Nackt-uber-Berlin.html # string integer integer string
Big Mouth;4;7;https://www.spin-off.fr/episode04-411320-20102023-saison7-Big-Mouth.html # string integer integer string
Élite;7;7;https://www.spin-off.fr/episode07-407356-20102023-saison7-Elite.html # string integer integer string
Krapopolis;5;1;https://www.spin-off.fr/episode05-410699-22102023-saison1-Krapopolis.html # string integer integer string
I Leoni di Sicilia;4;1;https://www.spin-off.fr/episode04-411337-25102023-saison1-I-Leoni-di-Sicilia.html # string integer integer string
Bosch: Legacy;5;2;https://www.spin-off.fr/episode05-409711-27102023-saison2-Bosch-Legacy.html # string integer integer string
SkyMed;5;2;https://www.spin-off.fr/episode05-411280-29102023-saison2-SkyMed.html # string integer integer string
Family Guy;1;22;https://www.spin-off.fr/episode01-408096-01102023-saison22-Family-Guy.html # string integer integer string
The Long Shadow;5;1;https://www.spin-off.fr/episode05-410898-02102023-saison1-The-Long-Shadow.html # string integer integer string
Quantum Leap (2022);1;2;https://www.spin-off.fr/episode01-408633-04102023-saison2-Quantum-Leap-(2022).html # string integer integer string
Lupin;7;3;https://www.spin-off.fr/episode07-404385-05102023-saison3-Lupin.html # string integer integer string
Ghosts (UK);4;5;https://www.spin-off.fr/episode04-410724-06102023-saison5-Ghosts-(UK).html # string integer integer string
Krapopolis;4;1;https://www.spin-off.fr/episode04-410328-08102023-saison1-Krapopolis.html # string integer integer string
Found;2;1;https://www.spin-off.fr/episode02-409591-10102023-saison1-Found.html # string integer integer string
Pacto de Silencio;1;1;https://www.spin-off.fr/episode01-410272-11102023-saison1-Pacto-de-Silencio.html # string integer integer string
À La Carte;5;2;https://www.spin-off.fr/episode05-410518-12102023-saison2-A-La-Carte.html # string integer integer string
The Fall of the House of Usher;7;1;https://www.spin-off.fr/episode07-411095-12102023-saison1-The-Fall-of-the-House-of-Usher.html # string integer integer string
Shining Vale;1;2;https://www.spin-off.fr/episode01-409054-13102023-saison2-Shining-Vale.html # string integer integer string
When Calls the Heart;12;10;https://www.spin-off.fr/episode12-407541-15102023-saison10-When-Calls-the-Heart.html # string integer integer string
Les invisibles (FRA);6;3;https://www.spin-off.fr/episode06-411308-18102023-saison3-Les-invisibles-(FRA).html # string integer integer string
Nackt über Berlin;6;1;https://www.spin-off.fr/episode06-410613-19102023-saison1-Nackt-uber-Berlin.html # string integer integer string
Big Mouth;5;7;https://www.spin-off.fr/episode05-411321-20102023-saison7-Big-Mouth.html # string integer integer string
Élite;8;7;https://www.spin-off.fr/episode08-407357-20102023-saison7-Elite.html # string integer integer string
Les Mystères de l'amour;11;33;https://www.spin-off.fr/episode11-410883-22102023-saison33-Les-Mysteres-de-l-amour.html # string integer integer string
Invasion (2021);10;2;https://www.spin-off.fr/episode10-407974-25102023-saison2-Invasion-(2021).html # string integer integer string
Bosch: Legacy;6;2;https://www.spin-off.fr/episode06-409712-27102023-saison2-Bosch-Legacy.html # string integer integer string
The Gilded Age;1;2;https://www.spin-off.fr/episode01-409717-29102023-saison2-The-Gilded-Age.html # string integer integer string
Heartland (CA);1;17;https://www.spin-off.fr/episode01-410271-01102023-saison17-Heartland-(CA).html # string integer integer string
The Long Shadow;6;1;https://www.spin-off.fr/episode06-410899-02102023-saison1-The-Long-Shadow.html # string integer integer string
RFDS;8;2;https://www.spin-off.fr/episode08-410739-04102023-saison2-RFDS.html # string integer integer string
Our Flag Means Death;1;2;https://www.spin-off.fr/episode01-409662-05102023-saison2-Our-Flag-Means-Death.html # string integer integer string
Ghosts (UK);5;5;https://www.spin-off.fr/episode05-410725-06102023-saison5-Ghosts-(UK).html # string integer integer string
Last Week Tonight With John Oliver;12;10;https://www.spin-off.fr/episode12-411014-08102023-saison10-Last-Week-Tonight-With-John-Oliver.html # string integer integer string
Ici tout commence;32;4;https://www.spin-off.fr/episode32-411039-10102023-saison4-Ici-tout-commence.html # string integer integer string
Pacto de Silencio;2;1;https://www.spin-off.fr/episode02-411073-11102023-saison1-Pacto-de-Silencio.html # string integer integer string
Cobra (UK);1;3;https://www.spin-off.fr/episode01-410604-12102023-saison3-Cobra-(UK).html # string integer integer string
The Fall of the House of Usher;8;1;https://www.spin-off.fr/episode08-411096-12102023-saison1-The-Fall-of-the-House-of-Usher.html # string integer integer string
Shoresy;4;2;https://www.spin-off.fr/episode04-410867-13102023-saison2-Shoresy.html # string integer integer string
5è Rang;6;6;https://www.spin-off.fr/episode06-411292-16102023-saison6-5e-Rang.html # string integer integer string
Magnum P.I. (2018);13;5;https://www.spin-off.fr/episode13-410784-18102023-saison5-Magnum-PI-(2018).html # string integer integer string
Neon;1;1;https://www.spin-off.fr/episode01-409747-19102023-saison1-Neon.html # string integer integer string
Big Mouth;6;7;https://www.spin-off.fr/episode06-411322-20102023-saison7-Big-Mouth.html # string integer integer string
Familjen Andersson;10;1;https://www.spin-off.fr/episode10-409541-20102023-saison1-Familjen-Andersson.html # string integer integer string
Rick and Morty;2;7;https://www.spin-off.fr/episode02-410175-22102023-saison7-Rick-and-Morty.html # string integer integer string
Magnum P.I. (2018);14;5;https://www.spin-off.fr/episode14-410786-25102023-saison5-Magnum-PI-(2018).html # string integer integer string
Fellow Travelers 1;1;1;https://www.spin-off.fr/episode01-409066-27102023-saison1-Fellow-Travelers-1.html # string integer integer string
The Simpsons;4;35;https://www.spin-off.fr/episode04-410985-29102023-saison35-The-Simpsons.html # string integer integer string
Krapopolis;3;1;https://www.spin-off.fr/episode03-408093-01102023-saison1-Krapopolis.html # string integer integer string
The Long Shadow;7;1;https://www.spin-off.fr/episode07-410900-02102023-saison1-The-Long-Shadow.html # string integer integer string
Robyn Hood;2;1;https://www.spin-off.fr/episode02-410949-04102023-saison1-Robyn-Hood.html # string integer integer string
Our Flag Means Death;2;2;https://www.spin-off.fr/episode02-409663-05102023-saison2-Our-Flag-Means-Death.html # string integer integer string
Ghosts (UK);6;5;https://www.spin-off.fr/episode06-410726-06102023-saison5-Ghosts-(UK).html # string integer integer string
Les Mystères de l'amour;9;33;https://www.spin-off.fr/episode09-410595-08102023-saison33-Les-Mysteres-de-l-amour.html # string integer integer string
4EVER;1;1;https://www.spin-off.fr/episode01-411025-11102023-saison1-4EVER.html # string integer integer string
Pacto de Silencio;3;1;https://www.spin-off.fr/episode03-411074-11102023-saison1-Pacto-de-Silencio.html # string integer integer string
Cobra (UK);2;3;https://www.spin-off.fr/episode02-411133-12102023-saison3-Cobra-(UK).html # string integer integer string
Un Si Grand Soleil;29;6;https://www.spin-off.fr/episode29-411045-12102023-saison6-Un-Si-Grand-Soleil.html # string integer integer string
SOKO Leipzig;8;24;https://www.spin-off.fr/episode08-410562-13102023-saison24-SOKO-Leipzig.html # string integer integer string
Acting Good;1;2;https://www.spin-off.fr/episode01-411121-16102023-saison2-Acting-Good.html # string integer integer string
Quantum Leap (2022);3;2;https://www.spin-off.fr/episode03-409964-18102023-saison2-Quantum-Leap-(2022).html # string integer integer string
Neon;2;1;https://www.spin-off.fr/episode02-409748-19102023-saison1-Neon.html # string integer integer string
Big Mouth;7;7;https://www.spin-off.fr/episode07-411323-20102023-saison7-Big-Mouth.html # string integer integer string
Gen V;6;1;https://www.spin-off.fr/episode06-408430-20102023-saison1-Gen-V.html # string integer integer string
SkyMed;4;2;https://www.spin-off.fr/episode04-411101-22102023-saison2-SkyMed.html # string integer integer string
Quantum Leap (2022);4;2;https://www.spin-off.fr/episode04-410254-25102023-saison2-Quantum-Leap-(2022).html # string integer integer string
Gen V;7;1;https://www.spin-off.fr/episode07-408431-27102023-saison1-Gen-V.html # string integer integer string
The Winter King;9;1;https://www.spin-off.fr/episode09-409135-29102023-saison1-The-Winter-King.html # string integer integer string
Last Week Tonight With John Oliver;11;10;https://www.spin-off.fr/episode11-410868-01102023-saison10-Last-Week-Tonight-With-John-Oliver.html # string integer integer string
Un Si Grand Soleil;23;6;https://www.spin-off.fr/episode23-410925-02102023-saison6-Un-Si-Grand-Soleil.html # string integer integer string
SurrealEstate;1;2;https://www.spin-off.fr/episode01-409249-04102023-saison2-SurrealEstate.html # string integer integer string
Our Flag Means Death;3;2;https://www.spin-off.fr/episode03-409664-05102023-saison2-Our-Flag-Means-Death.html # string integer integer string
Huset;6;1;https://www.spin-off.fr/episode06-410716-06102023-saison1-Huset.html # string integer integer string
SkyMed;2;2;https://www.spin-off.fr/episode02-410740-08102023-saison2-SkyMed.html # string integer integer string
4EVER;2;1;https://www.spin-off.fr/episode02-411026-11102023-saison1-4EVER.html # string integer integer string
Pacto de Silencio;4;1;https://www.spin-off.fr/episode04-411075-11102023-saison1-Pacto-de-Silencio.html # string integer integer string
Cobra (UK);3;3;https://www.spin-off.fr/episode03-411134-12102023-saison3-Cobra-(UK).html # string integer integer string
Billions;10;7;https://www.spin-off.fr/episode10-409767-13102023-saison7-Billions.html # string integer integer string
Solsidan;4;8;https://www.spin-off.fr/episode04-411053-13102023-saison8-Solsidan.html # string integer integer string
D'argent et de sang;1;1;https://www.spin-off.fr/episode01-410171-16102023-saison1-D-argent-et-de-sang.html # string integer integer string
Robyn Hood;4;1;https://www.spin-off.fr/episode04-410951-18102023-saison1-Robyn-Hood.html # string integer integer string
Neon;3;1;https://www.spin-off.fr/episode03-409749-19102023-saison1-Neon.html # string integer integer string
Big Mouth;8;7;https://www.spin-off.fr/episode08-411324-20102023-saison7-Big-Mouth.html # string integer integer string
Goosebumps (2023);6;1;https://www.spin-off.fr/episode06-409983-20102023-saison1-Goosebumps-(2023).html # string integer integer string
The Simpsons;3;35;https://www.spin-off.fr/episode03-410884-22102023-saison35-The-Simpsons.html # string integer integer string
Robyn Hood;5;1;https://www.spin-off.fr/episode05-411016-25102023-saison1-Robyn-Hood.html # string integer integer string
Goosebumps (2023);7;1;https://www.spin-off.fr/episode07-409984-27102023-saison1-Goosebumps-(2023).html # string integer integer string
Acting Good;3;2;https://www.spin-off.fr/episode03-411295-30102023-saison2-Acting-Good.html # string integer integer string
Les Mystères de l'amour;8;33;https://www.spin-off.fr/episode08-410185-01102023-saison33-Les-Mysteres-de-l-amour.html # string integer integer string
Ví?az;5;1;https://www.spin-off.fr/episode05-410696-02102023-saison1-Viaz.html # string integer integer string
The Morning Show;5;3;https://www.spin-off.fr/episode05-407700-04102023-saison3-The-Morning-Show.html # string integer integer string
Rictus;7;1;https://www.spin-off.fr/episode07-409050-05102023-saison1-Rictus.html # string integer integer string
Ici tout commence;30;4;https://www.spin-off.fr/episode30-410919-06102023-saison4-Ici-tout-commence.html # string integer integer string
The Simpsons;2;35;https://www.spin-off.fr/episode02-410728-08102023-saison35-The-Simpsons.html # string integer integer string
4EVER;3;1;https://www.spin-off.fr/episode03-411027-11102023-saison1-4EVER.html # string integer integer string
Pacto de Silencio;5;1;https://www.spin-off.fr/episode05-411076-11102023-saison1-Pacto-de-Silencio.html # string integer integer string
Cobra (UK);4;3;https://www.spin-off.fr/episode04-411135-12102023-saison3-Cobra-(UK).html # string integer integer string
Bria Mack Gets A Life;1;1;https://www.spin-off.fr/episode01-410332-13102023-saison1-Bria-Mack-Gets-A-Life.html # string integer integer string
Still Up;6;1;https://www.spin-off.fr/episode06-408947-13102023-saison1-Still-Up.html # string integer integer string
Harry Wild;3;2;https://www.spin-off.fr/episode03-410201-16102023-saison2-Harry-Wild.html # string integer integer string
Sistas;12;6;https://www.spin-off.fr/episode12-410186-18102023-saison6-Sistas.html # string integer integer string
Neon;4;1;https://www.spin-off.fr/episode04-409750-19102023-saison1-Neon.html # string integer integer string
Big Mouth;9;7;https://www.spin-off.fr/episode09-411325-20102023-saison7-Big-Mouth.html # string integer integer string
Lessons In Chemistry;3;1;https://www.spin-off.fr/episode03-406599-20102023-saison1-Lessons-In-Chemistry.html # string integer integer string
The Villains of Valley View;17;2;https://www.spin-off.fr/episode17-411283-22102023-saison2-The-Villains-of-Valley-View.html # string integer integer string
Sistas;13;6;https://www.spin-off.fr/episode13-411158-25102023-saison6-Sistas.html # string integer integer string
Lessons In Chemistry;4;1;https://www.spin-off.fr/episode04-406600-27102023-saison1-Lessons-In-Chemistry.html # string integer integer string
American Dad!;15;19;https://www.spin-off.fr/episode15-411032-30102023-saison19-American-Dad.html # string integer integer string
SkyMed;1;2;https://www.spin-off.fr/episode01-410144-01102023-saison2-SkyMed.html # string integer integer string
Ahsoka;8;1;https://www.spin-off.fr/episode08-406770-03102023-saison1-Ahsoka.html # string integer integer string
The Worst of Evil;4;1;https://www.spin-off.fr/episode04-410766-04102023-saison1-The-Worst-of-Evil.html # string integer integer string
Rictus;8;1;https://www.spin-off.fr/episode08-409051-05102023-saison1-Rictus.html # string integer integer string
Last Exit Schinkenstraße;1;1;https://www.spin-off.fr/episode01-411018-06102023-saison1-Last-Exit-Schinkenstraße.html # string integer integer string
The Walking Dead: Daryl Dixon;5;1;https://www.spin-off.fr/episode05-409848-08102023-saison1-The-Walking-Dead-Daryl-Dixon.html # string integer integer string
4EVER;4;1;https://www.spin-off.fr/episode04-411028-11102023-saison1-4EVER.html # string integer integer string
Pacto de Silencio;6;1;https://www.spin-off.fr/episode06-411077-11102023-saison1-Pacto-de-Silencio.html # string integer integer string
Cobra (UK);5;3;https://www.spin-off.fr/episode05-411136-12102023-saison3-Cobra-(UK).html # string integer integer string
Bria Mack Gets A Life;2;1;https://www.spin-off.fr/episode02-410333-13102023-saison1-Bria-Mack-Gets-A-Life.html # string integer integer string
The Changeling;8;1;https://www.spin-off.fr/episode08-408183-13102023-saison1-The-Changeling.html # string integer integer string
Murdoch Mysteries;3;17;https://www.spin-off.fr/episode03-410870-16102023-saison17-Murdoch-Mysteries.html # string integer integer string
SurrealEstate;3;2;https://www.spin-off.fr/episode03-410882-18102023-saison2-SurrealEstate.html # string integer integer string
Neon;5;1;https://www.spin-off.fr/episode05-409751-19102023-saison1-Neon.html # string integer integer string
Big Mouth;10;7;https://www.spin-off.fr/episode10-411326-20102023-saison7-Big-Mouth.html # string integer integer string
Power Book IV: Force;8;2;https://www.spin-off.fr/episode08-410987-20102023-saison2-Power-Book-IV-Force.html # string integer integer string
The Winter King;8;1;https://www.spin-off.fr/episode08-409134-22102023-saison1-The-Winter-King.html # string integer integer string
SurrealEstate;4;2;https://www.spin-off.fr/episode04-410886-25102023-saison2-SurrealEstate.html # string integer integer string
Memento Mori;1;1;https://www.spin-off.fr/episode01-410947-27102023-saison1-Memento-Mori.html # string integer integer string
Harry Wild;5;2;https://www.spin-off.fr/episode05-410203-30102023-saison2-Harry-Wild.html # string integer integer string
The Simpsons;1;35;https://www.spin-off.fr/episode01-408095-01102023-saison35-The-Simpsons.html # string integer integer string
Alexandra Ehle;1;4;https://www.spin-off.fr/episode01-410257-03102023-saison4-Alexandra-Ehle.html # string integer integer string
The Worst of Evil;5;1;https://www.spin-off.fr/episode05-410767-04102023-saison1-The-Worst-of-Evil.html # string integer integer string
Rictus;9;1;https://www.spin-off.fr/episode09-409052-05102023-saison1-Rictus.html # string integer integer string
Last Exit Schinkenstraße;2;1;https://www.spin-off.fr/episode02-411019-06102023-saison1-Last-Exit-Schinkenstraße.html # string integer integer string
The Winter King;6;1;https://www.spin-off.fr/episode06-409132-08102023-saison1-The-Winter-King.html # string integer integer string
4EVER;5;1;https://www.spin-off.fr/episode05-411029-11102023-saison1-4EVER.html # string integer integer string
Pacto de Silencio;7;1;https://www.spin-off.fr/episode07-411078-11102023-saison1-Pacto-de-Silencio.html # string integer integer string
Cobra (UK);6;3;https://www.spin-off.fr/episode06-411137-12102023-saison3-Cobra-(UK).html # string integer integer string
Bria Mack Gets A Life;3;1;https://www.spin-off.fr/episode03-410334-13102023-saison1-Bria-Mack-Gets-A-Life.html # string integer integer string
The Good Ship Murder;1;1;https://www.spin-off.fr/episode01-410952-13102023-saison1-The-Good-Ship-Murder.html # string integer integer string
Narvalo;6;3;https://www.spin-off.fr/episode06-410630-16102023-saison3-Narvalo.html # string integer integer string
The Morning Show;7;3;https://www.spin-off.fr/episode07-407702-18102023-saison3-The-Morning-Show.html # string integer integer string
Neon;6;1;https://www.spin-off.fr/episode06-409752-19102023-saison1-Neon.html # string integer integer string
Billions;11;7;https://www.spin-off.fr/episode11-409776-20102023-saison7-Billions.html # string integer integer string
Shining Vale;2;2;https://www.spin-off.fr/episode02-411122-20102023-saison2-Shining-Vale.html # string integer integer string
30 Monedas;1;2;https://www.spin-off.fr/episode01-410606-23102023-saison2-30-Monedas.html # string integer integer string
The Morning Show;8;3;https://www.spin-off.fr/episode08-407703-25102023-saison3-The-Morning-Show.html # string integer integer string
Shining Vale;3;2;https://www.spin-off.fr/episode03-411124-27102023-saison2-Shining-Vale.html # string integer integer string
Murdoch Mysteries;5;17;https://www.spin-off.fr/episode05-411017-30102023-saison17-Murdoch-Mysteries.html # string integer integer string
The Villains of Valley View;15;2;https://www.spin-off.fr/episode15-410803-01102023-saison2-The-Villains-of-Valley-View.html # string integer integer string
À coeur battant;4;2;https://www.spin-off.fr/episode04-410929-03102023-saison2-A-coeur-battant.html # string integer integer string
Un Si Grand Soleil;25;6;https://www.spin-off.fr/episode25-410927-04102023-saison6-Un-Si-Grand-Soleil.html # string integer integer string
Sous contrôle;1;1;https://www.spin-off.fr/episode01-408741-05102023-saison1-Sous-controle.html # string integer integer string
Last Exit Schinkenstraße;3;1;https://www.spin-off.fr/episode03-411020-06102023-saison1-Last-Exit-Schinkenstraße.html # string integer integer string
When Calls the Heart;11;10;https://www.spin-off.fr/episode11-407540-08102023-saison10-When-Calls-the-Heart.html # string integer integer string
Aller simple;5;2;https://www.spin-off.fr/episode05-410650-11102023-saison2-Aller-simple.html # string integer integer string
Pacto de Silencio;8;1;https://www.spin-off.fr/episode08-411079-11102023-saison1-Pacto-de-Silencio.html # string integer integer string
Demain nous appartient;39;7;https://www.spin-off.fr/episode39-411036-12102023-saison7-Demain-nous-appartient.html # string integer integer string
Creepshow;1;4;https://www.spin-off.fr/episode01-410146-13102023-saison4-Creepshow.html # string integer integer string
Transplant;2;4;https://www.spin-off.fr/episode02-409737-13102023-saison4-Transplant.html # string integer integer string
SOKO Potsdam;4;6;https://www.spin-off.fr/episode04-410909-16102023-saison6-SOKO-Potsdam.html # string integer integer string
The Worst of Evil;8;1;https://www.spin-off.fr/episode08-410770-18102023-saison1-The-Worst-of-Evil.html # string integer integer string
Neon;7;1;https://www.spin-off.fr/episode07-409753-19102023-saison1-Neon.html # string integer integer string
Bosch: Legacy;1;2;https://www.spin-off.fr/episode01-409707-20102023-saison2-Bosch-Legacy.html # string integer integer string
SOKO Leipzig;9;24;https://www.spin-off.fr/episode09-410563-20102023-saison24-SOKO-Leipzig.html # string integer integer string
5è Rang;7;6;https://www.spin-off.fr/episode07-411293-23102023-saison6-5e-Rang.html # string integer integer string
The Worst of Evil;10;1;https://www.spin-off.fr/episode10-410772-25102023-saison1-The-Worst-of-Evil.html # string integer integer string
SOKO Leipzig;10;24;https://www.spin-off.fr/episode10-410564-27102023-saison24-SOKO-Leipzig.html # string integer integer string
SOKO Potsdam;6;6;https://www.spin-off.fr/episode06-410911-30102023-saison6-SOKO-Potsdam.html # string integer integer string
The Walking Dead: Daryl Dixon;4;1;https://www.spin-off.fr/episode04-409847-01102023-saison1-The-Walking-Dead-Daryl-Dixon.html # string integer integer string
Club Soly;4;3;https://www.spin-off.fr/episode04-410931-03102023-saison3-Club-Soly.html # string integer integer string
Young Dylan;5;4;https://www.spin-off.fr/episode05-410578-04102023-saison4-Young-Dylan.html # string integer integer string
Sous contrôle;2;1;https://www.spin-off.fr/episode02-411048-05102023-saison1-Sous-controle.html # string integer integer string
Last Exit Schinkenstraße;4;1;https://www.spin-off.fr/episode04-411021-06102023-saison1-Last-Exit-Schinkenstraße.html # string integer integer string
5è Rang;5;6;https://www.spin-off.fr/episode05-410914-09102023-saison6-5e-Rang.html # string integer integer string
Aller simple;6;2;https://www.spin-off.fr/episode06-411054-11102023-saison2-Aller-simple.html # string integer integer string
Pacto de Silencio;9;1;https://www.spin-off.fr/episode09-411080-11102023-saison1-Pacto-de-Silencio.html # string integer integer string
Doom Patrol;7;4;https://www.spin-off.fr/episode07-410004-12102023-saison4-Doom-Patrol.html # string integer integer string
Demain nous appartient;40;7;https://www.spin-off.fr/episode40-411037-13102023-saison7-Demain-nous-appartient.html # string integer integer string
Un Si Grand Soleil;30;6;https://www.spin-off.fr/episode30-411046-13102023-saison6-Un-Si-Grand-Soleil.html # string integer integer string
The Irrational;4;1;https://www.spin-off.fr/episode04-409863-16102023-saison1-The-Irrational.html # string integer integer string
The Worst of Evil;9;1;https://www.spin-off.fr/episode09-410771-18102023-saison1-The-Worst-of-Evil.html # string integer integer string
Neon;8;1;https://www.spin-off.fr/episode08-409754-19102023-saison1-Neon.html # string integer integer string
Bosch: Legacy;2;2;https://www.spin-off.fr/episode02-409708-20102023-saison2-Bosch-Legacy.html # string integer integer string
Still Up;7;1;https://www.spin-off.fr/episode07-408948-20102023-saison1-Still-Up.html # string integer integer string
Acting Good;2;2;https://www.spin-off.fr/episode02-411294-23102023-saison2-Acting-Good.html # string integer integer string
The Worst of Evil;11;1;https://www.spin-off.fr/episode11-410773-25102023-saison1-The-Worst-of-Evil.html # string integer integer string
Still Up;8;1;https://www.spin-off.fr/episode08-408949-27102023-saison1-Still-Up.html # string integer integer string
The Irrational;6;1;https://www.spin-off.fr/episode06-409865-30102023-saison1-The-Irrational.html # string integer integer string
When Calls the Heart;10;10;https://www.spin-off.fr/episode10-407539-01102023-saison10-When-Calls-the-Heart.html # string integer integer string
Demain nous appartient;32;7;https://www.spin-off.fr/episode32-410921-03102023-saison7-Demain-nous-appartient.html # string integer integer string
All Creatures Great and Small (2020);1;4;https://www.spin-off.fr/episode01-410607-05102023-saison4-All-Creatures-Great-and-Small-(2020).html # string integer integer string
Sous contrôle;3;1;https://www.spin-off.fr/episode03-411049-05102023-saison1-Sous-controle.html # string integer integer string
Last Exit Schinkenstraße;5;1;https://www.spin-off.fr/episode05-411022-06102023-saison1-Last-Exit-Schinkenstraße.html # string integer integer string
66-5;7;1;https://www.spin-off.fr/episode07-410555-09102023-saison1-66-5.html # string integer integer string
American Horror Story;4;12;https://www.spin-off.fr/episode04-410339-11102023-saison12-American-Horror-Story.html # string integer integer string
Pacto de Silencio;10;1;https://www.spin-off.fr/episode10-411081-11102023-saison1-Pacto-de-Silencio.html # string integer integer string
Doom Patrol;8;4;https://www.spin-off.fr/episode08-410005-12102023-saison4-Doom-Patrol.html # string integer integer string
Die Quellen des Bösen;1;1;https://www.spin-off.fr/episode01-411207-13102023-saison1-Die-Quellen-des-Bosen.html # string integer integer string
All Rise;15;3;https://www.spin-off.fr/episode15-410329-14102023-saison3-All-Rise.html # string integer integer string
Found;3;1;https://www.spin-off.fr/episode03-409894-17102023-saison1-Found.html # string integer integer string
Young Dylan;7;4;https://www.spin-off.fr/episode07-410806-18102023-saison4-Young-Dylan.html # string integer integer string
Our Flag Means Death;6;2;https://www.spin-off.fr/episode06-409667-19102023-saison2-Our-Flag-Means-Death.html # string integer integer string
Bosch: Legacy;3;2;https://www.spin-off.fr/episode03-409709-20102023-saison2-Bosch-Legacy.html # string integer integer string
The Good Ship Murder;2;1;https://www.spin-off.fr/episode02-410953-20102023-saison1-The-Good-Ship-Murder.html # string integer integer string
Harry Wild;4;2;https://www.spin-off.fr/episode04-410202-23102023-saison2-Harry-Wild.html # string integer integer string
The Worst of Evil;12;1;https://www.spin-off.fr/episode12-410774-25102023-saison1-The-Worst-of-Evil.html # string integer integer string
The Good Ship Murder;3;1;https://www.spin-off.fr/episode03-410954-27102023-saison1-The-Good-Ship-Murder.html # string integer integer string
Found;5;1;https://www.spin-off.fr/episode05-409896-31102023-saison1-Found.html # string integer integer string
5è Rang;4;6;https://www.spin-off.fr/episode04-410913-02102023-saison6-5e-Rang.html # string integer integer string
Found;1;1;https://www.spin-off.fr/episode01-408424-03102023-saison1-Found.html # string integer integer string
À La Carte;4;2;https://www.spin-off.fr/episode04-410517-05102023-saison2-A-La-Carte.html # string integer integer string
Sous contrôle;4;1;https://www.spin-off.fr/episode04-411050-05102023-saison1-Sous-controle.html # string integer integer string
Last Exit Schinkenstraße;6;1;https://www.spin-off.fr/episode06-411023-06102023-saison1-Last-Exit-Schinkenstraße.html # string integer integer string
66-5;8;1;https://www.spin-off.fr/episode08-410556-09102023-saison1-66-5.html # string integer integer string
Archer (2009);8;14;https://www.spin-off.fr/episode08-408905-11102023-saison14-Archer-(2009).html # string integer integer string
Pacto de Silencio;11;1;https://www.spin-off.fr/episode11-411082-11102023-saison1-Pacto-de-Silencio.html # string integer integer string
Frasier (2023);1;1;https://www.spin-off.fr/episode01-409723-12102023-saison1-Frasier-(2023).html # string integer integer string
Die Quellen des Bösen;2;1;https://www.spin-off.fr/episode02-411208-13102023-saison1-Die-Quellen-des-Bosen.html # string integer integer string
Arthdal Chronicles;11;2;https://www.spin-off.fr/episode11-411012-14102023-saison2-Arthdal-Chronicles.html # string integer integer string
The Oval;1;5;https://www.spin-off.fr/episode01-410192-17102023-saison5-The-Oval.html # string integer integer string
All Creatures Great and Small (2020);3;4;https://www.spin-off.fr/episode03-410817-19102023-saison4-All-Creatures-Great-and-Small-(2020).html # string integer integer string
Our Flag Means Death;7;2;https://www.spin-off.fr/episode07-409668-19102023-saison2-Our-Flag-Means-Death.html # string integer integer string
Bosch: Legacy;4;2;https://www.spin-off.fr/episode04-409710-20102023-saison2-Bosch-Legacy.html # string integer integer string
Transplant;3;4;https://www.spin-off.fr/episode03-409839-20102023-saison4-Transplant.html # string integer integer string
Murdoch Mysteries;4;17;https://www.spin-off.fr/episode04-410872-23102023-saison17-Murdoch-Mysteries.html # string integer integer string
Young Dylan;8;4;https://www.spin-off.fr/episode08-410988-25102023-saison4-Young-Dylan.html # string integer integer string
Tore;1;1;https://www.spin-off.fr/episode01-410156-27102023-saison1-Tore.html # string integer integer string
The Oval;3;5;https://www.spin-off.fr/episode03-411296-31102023-saison5-The-Oval.html # string integer integer string
66-5;5;1;https://www.spin-off.fr/episode05-410553-02102023-saison1-66-5.html # string integer integer string
Ici tout commence;27;4;https://www.spin-off.fr/episode27-410916-03102023-saison4-Ici-tout-commence.html # string integer integer string
Demain nous appartient;34;7;https://www.spin-off.fr/episode34-410923-05102023-saison7-Demain-nous-appartient.html # string integer integer string
Sous contrôle;5;1;https://www.spin-off.fr/episode05-411051-05102023-saison1-Sous-controle.html # string integer integer string
Power Book IV: Force;6;2;https://www.spin-off.fr/episode06-410815-06102023-saison2-Power-Book-IV-Force.html # string integer integer string
Alertes;17;3;https://www.spin-off.fr/episode17-411030-09102023-saison3-Alertes.html # string integer integer string
Bones of Crows;4;1;https://www.spin-off.fr/episode04-410782-11102023-saison1-Bones-of-Crows.html # string integer integer string
Pacto de Silencio;12;1;https://www.spin-off.fr/episode12-411083-11102023-saison1-Pacto-de-Silencio.html # string integer integer string
Frasier (2023);2;1;https://www.spin-off.fr/episode02-409724-12102023-saison1-Frasier-(2023).html # string integer integer string
Die Quellen des Bösen;3;1;https://www.spin-off.fr/episode03-411209-13102023-saison1-Die-Quellen-des-Bosen.html # string integer integer string
Boomer;7;1;https://www.spin-off.fr/episode07-409828-14102023-saison1-Boomer.html # string integer integer string
American Horror Story;5;12;https://www.spin-off.fr/episode05-410785-18102023-saison12-American-Horror-Story.html # string integer integer string
À La Carte;6;2;https://www.spin-off.fr/episode06-410519-19102023-saison2-A-La-Carte.html # string integer integer string
Star Trek: Lower Decks;8;4;https://www.spin-off.fr/episode08-409762-19102023-saison4-Star-Trek-Lower-Decks.html # string integer integer string
Bria Mack Gets A Life;4;1;https://www.spin-off.fr/episode04-410335-20102023-saison1-Bria-Mack-Gets-A-Life.html # string integer integer string
Upload;1;3;https://www.spin-off.fr/episode01-410010-20102023-saison3-Upload.html # string integer integer string
Narvalo;7;3;https://www.spin-off.fr/episode07-410631-23102023-saison3-Narvalo.html # string integer integer string
All Creatures Great and Small (2020);4;4;https://www.spin-off.fr/episode04-410984-26102023-saison4-All-Creatures-Great-and-Small-(2020).html # string integer integer string
Tore;2;1;https://www.spin-off.fr/episode02-410157-27102023-saison1-Tore.html # string integer integer string
66-5;6;1;https://www.spin-off.fr/episode06-410554-02102023-saison1-66-5.html # string integer integer string
Only Murders in The Building;10;3;https://www.spin-off.fr/episode10-406259-03102023-saison3-Only-Murders-in-The-Building.html # string integer integer string
Everything Now;1;1;https://www.spin-off.fr/episode01-410218-05102023-saison1-Everything-Now.html # string integer integer string
Sous contrôle;6;1;https://www.spin-off.fr/episode06-411052-05102023-saison1-Sous-controle.html # string integer integer string
Shoresy;3;2;https://www.spin-off.fr/episode03-410866-06102023-saison2-Shoresy.html # string integer integer string
Demain nous appartient;36;7;https://www.spin-off.fr/episode36-411033-09102023-saison7-Demain-nous-appartient.html # string integer integer string
Children Ruin Everything;3;3;https://www.spin-off.fr/episode03-410932-11102023-saison3-Children-Ruin-Everything.html # string integer integer string
Pacto de Silencio;13;1;https://www.spin-off.fr/episode13-411084-11102023-saison1-Pacto-de-Silencio.html # string integer integer string
Ici tout commence;34;4;https://www.spin-off.fr/episode34-411041-12102023-saison4-Ici-tout-commence.html # string integer integer string
Die Quellen des Bösen;4;1;https://www.spin-off.fr/episode04-411210-13102023-saison1-Die-Quellen-des-Bosen.html # string integer integer string
Arthdal Chronicles;12;2;https://www.spin-off.fr/episode12-411013-15102023-saison2-Arthdal-Chronicles.html # string integer integer string
Bones of Crows;5;1;https://www.spin-off.fr/episode05-410805-18102023-saison1-Bones-of-Crows.html # string integer integer string
Bodies (2023);1;1;https://www.spin-off.fr/episode01-409738-19102023-saison1-Bodies-(2023).html # string integer integer string
The Burning Girls;1;1;https://www.spin-off.fr/episode01-410587-19102023-saison1-The-Burning-Girls.html # string integer integer string
Bria Mack Gets A Life;5;1;https://www.spin-off.fr/episode05-410336-20102023-saison1-Bria-Mack-Gets-A-Life.html # string integer integer string
Upload;2;3;https://www.spin-off.fr/episode02-410011-20102023-saison3-Upload.html # string integer integer string
SOKO Potsdam;5;6;https://www.spin-off.fr/episode05-410910-23102023-saison6-SOKO-Potsdam.html # string integer integer string
American Horror Stories;1;3;https://www.spin-off.fr/episode01-409055-26102023-saison3-American-Horror-Stories.html # string integer integer string
Tore;3;1;https://www.spin-off.fr/episode03-410158-27102023-saison1-Tore.html # string integer integer string
Alertes;16;3;https://www.spin-off.fr/episode16-410912-02102023-saison3-Alertes.html # string integer integer string
Un Si Grand Soleil;24;6;https://www.spin-off.fr/episode24-410926-03102023-saison6-Un-Si-Grand-Soleil.html # string integer integer string
Everything Now;2;1;https://www.spin-off.fr/episode02-410890-05102023-saison1-Everything-Now.html # string integer integer string
Star Trek: Lower Decks;6;4;https://www.spin-off.fr/episode06-409760-05102023-saison4-Star-Trek-Lower-Decks.html # string integer integer string
SOKO Leipzig;7;24;https://www.spin-off.fr/episode07-410561-06102023-saison24-SOKO-Leipzig.html # string integer integer string
Harry Wild;1;2;https://www.spin-off.fr/episode01-410199-09102023-saison2-Harry-Wild.html # string integer integer string
Chucky;2;3;https://www.spin-off.fr/episode02-409115-11102023-saison3-Chucky.html # string integer integer string
Pacto de Silencio;14;1;https://www.spin-off.fr/episode14-411085-11102023-saison1-Pacto-de-Silencio.html # string integer integer string
Les révoltés;7;1;https://www.spin-off.fr/episode07-411203-12102023-saison1-Les-revoltes.html # string integer integer string
Die Quellen des Bösen;5;1;https://www.spin-off.fr/episode05-411211-13102023-saison1-Die-Quellen-des-Bosen.html # string integer integer string
Billy the Kid;1;2;https://www.spin-off.fr/episode01-409587-15102023-saison2-Billy-the-Kid.html # string integer integer string
Children Ruin Everything;4;3;https://www.spin-off.fr/episode04-411015-18102023-saison3-Children-Ruin-Everything.html # string integer integer string
Bodies (2023);2;1;https://www.spin-off.fr/episode02-409150-19102023-saison1-Bodies-(2023).html # string integer integer string
The Burning Girls;2;1;https://www.spin-off.fr/episode02-411309-19102023-saison1-The-Burning-Girls.html # string integer integer string
Bria Mack Gets A Life;6;1;https://www.spin-off.fr/episode06-410337-20102023-saison1-Bria-Mack-Gets-A-Life.html # string integer integer string
Yaratilan;1;1;https://www.spin-off.fr/episode01-409988-20102023-saison1-Yaratilan.html # string integer integer string
Spooky Files;1;1;https://www.spin-off.fr/episode01-411213-23102023-saison1-Spooky-Files.html # string integer integer string
American Horror Stories;2;3;https://www.spin-off.fr/episode02-411055-26102023-saison3-American-Horror-Stories.html # string integer integer string
Tore;4;1;https://www.spin-off.fr/episode04-410159-27102023-saison1-Tore.html # string integer integer string
American Dad!;14;19;https://www.spin-off.fr/episode14-410594-02102023-saison19-American-Dad.html # string integer integer string
Aller simple;4;2;https://www.spin-off.fr/episode04-410649-04102023-saison2-Aller-simple.html # string integer integer string
Everything Now;3;1;https://www.spin-off.fr/episode03-410891-05102023-saison1-Everything-Now.html # string integer integer string
Tacoma FD;12;4;https://www.spin-off.fr/episode12-410643-05102023-saison4-Tacoma-FD.html # string integer integer string
Solsidan;3;8;https://www.spin-off.fr/episode03-410858-06102023-saison8-Solsidan.html # string integer integer string
Harry Wild;2;2;https://www.spin-off.fr/episode02-410200-09102023-saison2-Harry-Wild.html # string integer integer string
Cooper's Bar;1;2;https://www.spin-off.fr/episode01-410431-11102023-saison2-Cooper-s-Bar.html # string integer integer string
Pacto de Silencio;15;1;https://www.spin-off.fr/episode15-411086-11102023-saison1-Pacto-de-Silencio.html # string integer integer string
Les révoltés;8;1;https://www.spin-off.fr/episode08-411204-12102023-saison1-Les-revoltes.html # string integer integer string
Die Quellen des Bösen;6;1;https://www.spin-off.fr/episode06-411212-13102023-saison1-Die-Quellen-des-Bosen.html # string integer integer string
Entre Tierras;6;1;https://www.spin-off.fr/episode06-410972-15102023-saison1-Entre-Tierras.html # string integer integer string
Chucky;3;3;https://www.spin-off.fr/episode03-409116-18102023-saison3-Chucky.html # string integer integer string
Bodies (2023);3;1;https://www.spin-off.fr/episode03-409149-19102023-saison1-Bodies-(2023).html # string integer integer string
The Burning Girls;3;1;https://www.spin-off.fr/episode03-411310-19102023-saison1-The-Burning-Girls.html # string integer integer string
Doona!;1;1;https://www.spin-off.fr/episode01-410162-20102023-saison1-Doona.html # string integer integer string
Yaratilan;2;1;https://www.spin-off.fr/episode02-411327-20102023-saison1-Yaratilan.html # string integer integer string
Spooky Files;2;1;https://www.spin-off.fr/episode02-411214-23102023-saison1-Spooky-Files.html # string integer integer string
American Horror Stories;3;3;https://www.spin-off.fr/episode03-411056-26102023-saison3-American-Horror-Stories.html # string integer integer string
Tore;5;1;https://www.spin-off.fr/episode05-410160-27102023-saison1-Tore.html # string integer integer string
Demain nous appartient;31;7;https://www.spin-off.fr/episode31-410920-02102023-saison7-Demain-nous-appartient.html # string integer integer string
American Horror Story;3;12;https://www.spin-off.fr/episode03-410183-04102023-saison12-American-Horror-Story.html # string integer integer string
Everything Now;4;1;https://www.spin-off.fr/episode04-410892-05102023-saison1-Everything-Now.html # string integer integer string
Tacoma FD;13;4;https://www.spin-off.fr/episode13-410644-05102023-saison4-Tacoma-FD.html # string integer integer string
Still Up;5;1;https://www.spin-off.fr/episode05-408946-06102023-saison1-Still-Up.html # string integer integer string
Ici tout commence;31;4;https://www.spin-off.fr/episode31-411038-09102023-saison4-Ici-tout-commence.html # string integer integer string
Cooper's Bar;2;2;https://www.spin-off.fr/episode02-411062-11102023-saison2-Cooper-s-Bar.html # string integer integer string
Pacto de Silencio;16;1;https://www.spin-off.fr/episode16-411087-11102023-saison1-Pacto-de-Silencio.html # string integer integer string
Loki;2;2;https://www.spin-off.fr/episode02-410902-12102023-saison2-Loki.html # string integer integer string
Familjen Andersson;9;1;https://www.spin-off.fr/episode09-409540-13102023-saison1-Familjen-Andersson.html # string integer integer string
Heartland (CA);3;17;https://www.spin-off.fr/episode03-410869-15102023-saison17-Heartland-(CA).html # string integer integer string
Cooper's Bar;3;2;https://www.spin-off.fr/episode03-411063-18102023-saison2-Cooper-s-Bar.html # string integer integer string
Bodies (2023);4;1;https://www.spin-off.fr/episode04-409148-19102023-saison1-Bodies-(2023).html # string integer integer string
The Burning Girls;4;1;https://www.spin-off.fr/episode04-411311-19102023-saison1-The-Burning-Girls.html # string integer integer string
Doona!;2;1;https://www.spin-off.fr/episode02-410163-20102023-saison1-Doona.html # string integer integer string
Yaratilan;3;1;https://www.spin-off.fr/episode03-411328-20102023-saison1-Yaratilan.html # string integer integer string
Spooky Files;3;1;https://www.spin-off.fr/episode03-411215-23102023-saison1-Spooky-Files.html # string integer integer string
American Horror Stories;4;3;https://www.spin-off.fr/episode04-411057-26102023-saison3-American-Horror-Stories.html # string integer integer string
Tore;6;1;https://www.spin-off.fr/episode06-410161-27102023-saison1-Tore.html # string integer integer string
Familie Bundschuh;8;1;https://www.spin-off.fr/episode08-409953-02102023-saison1-Familie-Bundschuh.html # string integer integer string
Archer (2009);7;14;https://www.spin-off.fr/episode07-408904-04102023-saison14-Archer-(2009).html # string integer integer string
Everything Now;5;1;https://www.spin-off.fr/episode05-410893-05102023-saison1-Everything-Now.html # string integer integer string
Young Love;9;1;https://www.spin-off.fr/episode09-410862-05102023-saison1-Young-Love.html # string integer integer string
The Changeling;7;1;https://www.spin-off.fr/episode07-408182-06102023-saison1-The-Changeling.html # string integer integer string
Infiltré(e);5;1;https://www.spin-off.fr/episode05-410720-09102023-saison1-Infiltre(e).html # string integer integer string
Demain nous appartient;38;7;https://www.spin-off.fr/episode38-411035-11102023-saison7-Demain-nous-appartient.html # string integer integer string
Pacto de Silencio;17;1;https://www.spin-off.fr/episode17-411088-11102023-saison1-Pacto-de-Silencio.html # string integer integer string
LT-21;1;1;https://www.spin-off.fr/episode01-408962-12102023-saison1-LT-21.html # string integer integer string
Gaslight;7;1;https://www.spin-off.fr/episode07-410683-13102023-saison1-Gaslight.html # string integer integer string
Last Week Tonight With John Oliver;13;10;https://www.spin-off.fr/episode13-411282-15102023-saison10-Last-Week-Tonight-With-John-Oliver.html # string integer integer string
Hudson & Rex;3;6;https://www.spin-off.fr/episode03-411097-18102023-saison6-Hudson--Rex.html # string integer integer string
Bodies (2023);5;1;https://www.spin-off.fr/episode05-411058-19102023-saison1-Bodies-(2023).html # string integer integer string
The Burning Girls;5;1;https://www.spin-off.fr/episode05-411312-19102023-saison1-The-Burning-Girls.html # string integer integer string
Doona!;3;1;https://www.spin-off.fr/episode03-410164-20102023-saison1-Doona.html # string integer integer string
Yaratilan;4;1;https://www.spin-off.fr/episode04-411329-20102023-saison1-Yaratilan.html # string integer integer string
Spooky Files;4;1;https://www.spin-off.fr/episode04-411216-23102023-saison1-Spooky-Files.html # string integer integer string
À La Carte;7;2;https://www.spin-off.fr/episode07-410520-26102023-saison2-A-La-Carte.html # string integer integer string
Transplant;4;4;https://www.spin-off.fr/episode04-409840-27102023-saison4-Transplant.html # string integer integer string
Ici tout commence;26;4;https://www.spin-off.fr/episode26-410915-02102023-saison4-Ici-tout-commence.html # string integer integer string
Assisted Living;20;4;https://www.spin-off.fr/episode20-410621-04102023-saison4-Assisted-Living.html # string integer integer string
Everything Now;6;1;https://www.spin-off.fr/episode06-410894-05102023-saison1-Everything-Now.html # string integer integer string
Young Love;10;1;https://www.spin-off.fr/episode10-410863-05102023-saison1-Young-Love.html # string integer integer string
The Continental: From The World Of John Wick;3;1;https://www.spin-off.fr/episode03-408644-06102023-saison1-The-Continental-From-The-World-Of-John-Wick.html # string integer integer string
Infiltré(e);6;1;https://www.spin-off.fr/episode06-410721-09102023-saison1-Infiltre(e).html # string integer integer string
Hans River Police;9;1;https://www.spin-off.fr/episode09-409974-11102023-saison1-Hans-River-Police.html # string integer integer string
Pacto de Silencio;18;1;https://www.spin-off.fr/episode18-411089-11102023-saison1-Pacto-de-Silencio.html # string integer integer string
LT-21;2;1;https://www.spin-off.fr/episode02-408963-12102023-saison1-LT-21.html # string integer integer string
Gaslight;8;1;https://www.spin-off.fr/episode08-410684-13102023-saison1-Gaslight.html # string integer integer string
Les Mystères de l'amour;10;33;https://www.spin-off.fr/episode10-410795-15102023-saison33-Les-Mysteres-de-l-amour.html # string integer integer string
Invasion (2021);9;2;https://www.spin-off.fr/episode09-407973-18102023-saison2-Invasion-(2021).html # string integer integer string
Bodies (2023);6;1;https://www.spin-off.fr/episode06-411059-19102023-saison1-Bodies-(2023).html # string integer integer string
The Burning Girls;6;1;https://www.spin-off.fr/episode06-411313-19102023-saison1-The-Burning-Girls.html # string integer integer string
Doona!;4;1;https://www.spin-off.fr/episode04-410165-20102023-saison1-Doona.html # string integer integer string
Yaratilan;5;1;https://www.spin-off.fr/episode05-411330-20102023-saison1-Yaratilan.html # string integer integer string
Spooky Files;5;1;https://www.spin-off.fr/episode05-411217-23102023-saison1-Spooky-Files.html # string integer integer string
Doom Patrol;10;4;https://www.spin-off.fr/episode10-410007-26102023-saison4-Doom-Patrol.html # string integer integer string
Upload;3;3;https://www.spin-off.fr/episode03-410012-27102023-saison3-Upload.html # string integer integer string
Infiltré(e);3;1;https://www.spin-off.fr/episode03-410718-02102023-saison1-Infiltre(e).html # string integer integer string
Assisted Living;21;4;https://www.spin-off.fr/episode21-410622-04102023-saison4-Assisted-Living.html # string integer integer string
Everything Now;7;1;https://www.spin-off.fr/episode07-410895-05102023-saison1-Everything-Now.html # string integer integer string
Young Love;11;1;https://www.spin-off.fr/episode11-410864-05102023-saison1-Young-Love.html # string integer integer string
The Wheel of Time;8;2;https://www.spin-off.fr/episode08-408196-06102023-saison2-The-Wheel-of-Time.html # string integer integer string
Kamikaze (NOR);4;1;https://www.spin-off.fr/episode04-411031-09102023-saison1-Kamikaze-(NOR).html # string integer integer string
Hans River Police;10;1;https://www.spin-off.fr/episode10-409975-11102023-saison1-Hans-River-Police.html # string integer integer string
Quantum Leap (2022);2;2;https://www.spin-off.fr/episode02-409735-11102023-saison2-Quantum-Leap-(2022).html # string integer integer string
Nackt über Berlin;1;1;https://www.spin-off.fr/episode01-410608-12102023-saison1-Nackt-uber-Berlin.html # string integer integer string
Gaslight;9;1;https://www.spin-off.fr/episode09-410685-13102023-saison1-Gaslight.html # string integer integer string
Pantheon;1;2;https://www.spin-off.fr/episode01-411163-15102023-saison2-Pantheon.html # string integer integer string
Kaala Paani;1;1;https://www.spin-off.fr/episode01-410946-18102023-saison1-Kaala-Paani.html # string integer integer string
Bodies (2023);7;1;https://www.spin-off.fr/episode07-411060-19102023-saison1-Bodies-(2023).html # string integer integer string
Wicked City (2022);1;2;https://www.spin-off.fr/episode01-411118-19102023-saison2-Wicked-City-(2022).html # string integer integer string
Doona!;5;1;https://www.spin-off.fr/episode05-410166-20102023-saison1-Doona.html # string integer integer string
Yaratilan;6;1;https://www.spin-off.fr/episode06-411331-20102023-saison1-Yaratilan.html # string integer integer string
The Irrational;5;1;https://www.spin-off.fr/episode05-409864-23102023-saison1-The-Irrational.html # string integer integer string
Frasier (2023);4;1;https://www.spin-off.fr/episode04-409726-26102023-saison1-Frasier-(2023).html # string integer integer string
Upload;4;3;https://www.spin-off.fr/episode04-410013-27102023-saison3-Upload.html # string integer integer string
Infiltré(e);4;1;https://www.spin-off.fr/episode04-410719-02102023-saison1-Infiltre(e).html # string integer integer string
Assisted Living;22;4;https://www.spin-off.fr/episode22-410623-04102023-saison4-Assisted-Living.html # string integer integer string
Everything Now;8;1;https://www.spin-off.fr/episode08-410896-05102023-saison1-Everything-Now.html # string integer integer string
Young Love;12;1;https://www.spin-off.fr/episode12-410865-05102023-saison1-Young-Love.html # string integer integer string
Transplant;1;4;https://www.spin-off.fr/episode01-408389-06102023-saison4-Transplant.html # string integer integer string
Mentiras pasajeras;1;1;https://www.spin-off.fr/episode01-410619-09102023-saison1-Mentiras-pasajeras.html # string integer integer string
Hudson & Rex;2;6;https://www.spin-off.fr/episode02-410259-11102023-saison6-Hudson--Rex.html # string integer integer string
Robyn Hood;3;1;https://www.spin-off.fr/episode03-410950-11102023-saison1-Robyn-Hood.html # string integer integer string
Nackt über Berlin;2;1;https://www.spin-off.fr/episode02-410609-12102023-saison1-Nackt-uber-Berlin.html # string integer integer string
Gen V;5;1;https://www.spin-off.fr/episode05-408429-13102023-saison1-Gen-V.html # string integer integer string
Pantheon;2;2;https://www.spin-off.fr/episode02-411164-15102023-saison2-Pantheon.html # string integer integer string
Kaala Paani;2;1;https://www.spin-off.fr/episode02-411286-18102023-saison1-Kaala-Paani.html # string integer integer string
Bodies (2023);8;1;https://www.spin-off.fr/episode08-411061-19102023-saison1-Bodies-(2023).html # string integer integer string
Wolf Like Me;1;2;https://www.spin-off.fr/episode01-409700-19102023-saison2-Wolf-Like-Me.html # string integer integer string
Doona!;6;1;https://www.spin-off.fr/episode06-410167-20102023-saison1-Doona.html # string integer integer string
Yaratilan;7;1;https://www.spin-off.fr/episode07-411332-20102023-saison1-Yaratilan.html # string integer integer string
Found;4;1;https://www.spin-off.fr/episode04-409895-24102023-saison1-Found.html # string integer integer string
La Mesias;4;1;https://www.spin-off.fr/episode04-410546-26102023-saison1-La-Mesias.html # string integer integer string
All Rise;17;3;https://www.spin-off.fr/episode17-410331-28102023-saison3-All-Rise.html # string integer integer string
Kamikaze (NOR);3;1;https://www.spin-off.fr/episode03-410738-02102023-saison1-Kamikaze-(NOR).html # string integer integer string
Bones of Crows;3;1;https://www.spin-off.fr/episode03-410642-04102023-saison1-Bones-of-Crows.html # string integer integer string
Ici tout commence;29;4;https://www.spin-off.fr/episode29-410918-05102023-saison4-Ici-tout-commence.html # string integer integer string
Billions;9;7;https://www.spin-off.fr/episode09-409168-06102023-saison7-Billions.html # string integer integer string
Un Si Grand Soleil;26;6;https://www.spin-off.fr/episode26-410928-06102023-saison6-Un-Si-Grand-Soleil.html # string integer integer string
Murdoch Mysteries;2;17;https://www.spin-off.fr/episode02-410605-09102023-saison17-Murdoch-Mysteries.html # string integer integer string
Ici tout commence;33;4;https://www.spin-off.fr/episode33-411040-11102023-saison4-Ici-tout-commence.html # string integer integer string
SurrealEstate;2;2;https://www.spin-off.fr/episode02-410804-11102023-saison2-SurrealEstate.html # string integer integer string
Nackt über Berlin;3;1;https://www.spin-off.fr/episode03-410610-12102023-saison1-Nackt-uber-Berlin.html # string integer integer string
Goosebumps (2023);1;1;https://www.spin-off.fr/episode01-409978-13102023-saison1-Goosebumps-(2023).html # string integer integer string
Pantheon;3;2;https://www.spin-off.fr/episode03-411165-15102023-saison2-Pantheon.html # string integer integer string
Kaala Paani;3;1;https://www.spin-off.fr/episode03-411287-18102023-saison1-Kaala-Paani.html # string integer integer string
Doom Patrol;9;4;https://www.spin-off.fr/episode09-410006-19102023-saison4-Doom-Patrol.html # string integer integer string
Wolf Like Me;2;2;https://www.spin-off.fr/episode02-409701-19102023-saison2-Wolf-Like-Me.html # string integer integer string
Doona!;7;1;https://www.spin-off.fr/episode07-410168-20102023-saison1-Doona.html # string integer integer string
Yaratilan;8;1;https://www.spin-off.fr/episode08-411333-20102023-saison1-Yaratilan.html # string integer integer string
The Oval;2;5;https://www.spin-off.fr/episode02-411123-24102023-saison5-The-Oval.html # string integer integer string
Loki;4;2;https://www.spin-off.fr/episode04-410904-26102023-saison2-Loki.html # string integer integer string
Boomer;9;1;https://www.spin-off.fr/episode09-409830-28102023-saison1-Boomer.html # string integer integer string
Murdoch Mysteries;1;17;https://www.spin-off.fr/episode01-410145-02102023-saison17-Murdoch-Mysteries.html # string integer integer string
Children Ruin Everything;2;3;https://www.spin-off.fr/episode02-410794-04102023-saison3-Children-Ruin-Everything.html # string integer integer string
Les révoltés;5;1;https://www.spin-off.fr/episode05-411201-05102023-saison1-Les-revoltes.html # string integer integer string
Demain nous appartient;35;7;https://www.spin-off.fr/episode35-410924-06102023-saison7-Demain-nous-appartient.html # string integer integer string
All Rise;14;3;https://www.spin-off.fr/episode14-410327-07102023-saison3-All-Rise.html # string integer integer string
Narvalo;5;3;https://www.spin-off.fr/episode05-410629-09102023-saison3-Narvalo.html # string integer integer string
Invasion (2021);8;2;https://www.spin-off.fr/episode08-407972-11102023-saison2-Invasion-(2021).html # string integer integer string
The Morning Show;6;3;https://www.spin-off.fr/episode06-407701-11102023-saison3-The-Morning-Show.html # string integer integer string
Our Flag Means Death;4;2;https://www.spin-off.fr/episode04-409665-12102023-saison2-Our-Flag-Means-Death.html # string integer integer string
Goosebumps (2023);2;1;https://www.spin-off.fr/episode02-409979-13102023-saison1-Goosebumps-(2023).html # string integer integer string
Pantheon;4;2;https://www.spin-off.fr/episode04-411166-15102023-saison2-Pantheon.html # string integer integer string
Kaala Paani;4;1;https://www.spin-off.fr/episode04-411288-18102023-saison1-Kaala-Paani.html # string integer integer string
Frasier (2023);3;1;https://www.spin-off.fr/episode03-409725-19102023-saison1-Frasier-(2023).html # string integer integer string
Wolf Like Me;3;2;https://www.spin-off.fr/episode03-409702-19102023-saison2-Wolf-Like-Me.html # string integer integer string
Doona!;8;1;https://www.spin-off.fr/episode08-410169-20102023-saison1-Doona.html # string integer integer string
All Rise;16;3;https://www.spin-off.fr/episode16-410330-21102023-saison3-All-Rise.html # string integer integer string
Absolutni debiutanci;1;1;https://www.spin-off.fr/episode01-410956-25102023-saison1-Absolutni-debiutanci.html # string integer integer string
LT-21;5;1;https://www.spin-off.fr/episode05-408966-26102023-saison1-LT-21.html # string integer integer string
Billy the Kid;3;2;https://www.spin-off.fr/episode03-409589-29102023-saison2-Billy-the-Kid.html # string integer integer string
Narvalo;3;3;https://www.spin-off.fr/episode03-410627-02102023-saison3-Narvalo.html # string integer integer string
Chucky;1;3;https://www.spin-off.fr/episode01-409037-04102023-saison3-Chucky.html # string integer integer string
Les révoltés;6;1;https://www.spin-off.fr/episode06-411202-05102023-saison1-Les-revoltes.html # string integer integer string
Familjen Andersson;8;1;https://www.spin-off.fr/episode08-409539-06102023-saison1-Familjen-Andersson.html # string integer integer string
Arthdal Chronicles;9;2;https://www.spin-off.fr/episode09-411010-07102023-saison2-Arthdal-Chronicles.html # string integer integer string
SOKO Potsdam;3;6;https://www.spin-off.fr/episode03-410908-09102023-saison6-SOKO-Potsdam.html # string integer integer string
La Mesias;1;1;https://www.spin-off.fr/episode01-410340-11102023-saison1-La-Mesias.html # string integer integer string
The Worst of Evil;6;1;https://www.spin-off.fr/episode06-410768-11102023-saison1-The-Worst-of-Evil.html # string integer integer string
Our Flag Means Death;5;2;https://www.spin-off.fr/episode05-409666-12102023-saison2-Our-Flag-Means-Death.html # string integer integer string
Goosebumps (2023);3;1;https://www.spin-off.fr/episode03-409980-13102023-saison1-Goosebumps-(2023).html # string integer integer string
Pantheon;5;2;https://www.spin-off.fr/episode05-411167-15102023-saison2-Pantheon.html # string integer integer string
Kaala Paani;5;1;https://www.spin-off.fr/episode05-411289-18102023-saison1-Kaala-Paani.html # string integer integer string
La Mesias;3;1;https://www.spin-off.fr/episode03-410545-19102023-saison1-La-Mesias.html # string integer integer string
Wolf Like Me;4;2;https://www.spin-off.fr/episode04-409703-19102023-saison2-Wolf-Like-Me.html # string integer integer string
Doona!;9;1;https://www.spin-off.fr/episode09-410170-20102023-saison1-Doona.html # string integer integer string
Boomer;8;1;https://www.spin-off.fr/episode08-409829-21102023-saison1-Boomer.html # string integer integer string
American Horror Story;6;12;https://www.spin-off.fr/episode06-410999-25102023-saison12-American-Horror-Story.html # string integer integer string
LT-21;6;1;https://www.spin-off.fr/episode06-408967-26102023-saison1-LT-21.html # string integer integer string
Bob's Burgers;4;14;https://www.spin-off.fr/episode04-410887-29102023-saison14-Bob-s-Burgers.html # string integer integer string
Narvalo;4;3;https://www.spin-off.fr/episode04-410628-02102023-saison3-Narvalo.html # string integer integer string
Demain nous appartient;33;7;https://www.spin-off.fr/episode33-410922-04102023-saison7-Demain-nous-appartient.html # string integer integer string
Loki;1;2;https://www.spin-off.fr/episode01-410901-05102023-saison2-Loki.html # string integer integer string
Gaslight;4;1;https://www.spin-off.fr/episode04-410680-06102023-saison1-Gaslight.html # string integer integer string
Boomer;6;1;https://www.spin-off.fr/episode06-409827-07102023-saison1-Boomer.html # string integer integer string
The Irrational;3;1;https://www.spin-off.fr/episode03-409679-09102023-saison1-The-Irrational.html # string integer integer string
La Mesias;2;1;https://www.spin-off.fr/episode02-410544-11102023-saison1-La-Mesias.html # string integer integer string
The Worst of Evil;7;1;https://www.spin-off.fr/episode07-410769-11102023-saison1-The-Worst-of-Evil.html # string integer integer string
Star Trek: Lower Decks;7;4;https://www.spin-off.fr/episode07-409761-12102023-saison4-Star-Trek-Lower-Decks.html # string integer integer string
Goosebumps (2023);4;1;https://www.spin-off.fr/episode04-409981-13102023-saison1-Goosebumps-(2023).html # string integer integer string
Pantheon;6;2;https://www.spin-off.fr/episode06-411168-15102023-saison2-Pantheon.html # string integer integer string
Kaala Paani;6;1;https://www.spin-off.fr/episode06-411290-18102023-saison1-Kaala-Paani.html # string integer integer string
Les révoltés;9;1;https://www.spin-off.fr/episode09-411205-19102023-saison1-Les-revoltes.html # string integer integer string
Wolf Like Me;5;2;https://www.spin-off.fr/episode05-409704-19102023-saison2-Wolf-Like-Me.html # string integer integer string
Élite;1;7;https://www.spin-off.fr/episode01-407350-20102023-saison7-Elite.html # string integer integer string
Billy the Kid;2;2;https://www.spin-off.fr/episode02-409588-22102023-saison2-Billy-the-Kid.html # string integer integer string
Chucky;4;3;https://www.spin-off.fr/episode04-409117-25102023-saison3-Chucky.html # string integer integer string
Our Flag Means Death;8;2;https://www.spin-off.fr/episode08-409669-26102023-saison2-Our-Flag-Means-Death.html # string integer integer string
Entre Tierras;8;1;https://www.spin-off.fr/episode08-410974-29102023-saison1-Entre-Tierras.html # string integer integer string
Pure Boxer;13;1;https://www.spin-off.fr/episode13-409147-02102023-saison1-Pure-Boxer.html # string integer integer string
Hans River Police;7;1;https://www.spin-off.fr/episode07-409972-04102023-saison1-Hans-River-Police.html # string integer integer string
Lupin;1;3;https://www.spin-off.fr/episode01-404379-05102023-saison3-Lupin.html # string integer integer string
Gaslight;5;1;https://www.spin-off.fr/episode05-410681-06102023-saison1-Gaslight.html # string integer integer string
Johnson;10;3;https://www.spin-off.fr/episode10-410645-07102023-saison3-Johnson.html # string integer integer string
Un Si Grand Soleil;27;6;https://www.spin-off.fr/episode27-411043-09102023-saison6-Un-Si-Grand-Soleil.html # string integer integer string
Magnum P.I. (2018);12;5;https://www.spin-off.fr/episode12-410783-11102023-saison5-Magnum-PI-(2018).html # string integer integer string
Un Si Grand Soleil;28;6;https://www.spin-off.fr/episode28-411044-11102023-saison6-Un-Si-Grand-Soleil.html # string integer integer string
The Fall of the House of Usher;1;1;https://www.spin-off.fr/episode01-408906-12102023-saison1-The-Fall-of-the-House-of-Usher.html # string integer integer string
Goosebumps (2023);5;1;https://www.spin-off.fr/episode05-409982-13102023-saison1-Goosebumps-(2023).html # string integer integer string
Pantheon;7;2;https://www.spin-off.fr/episode07-411169-15102023-saison2-Pantheon.html # string integer integer string
Kaala Paani;7;1;https://www.spin-off.fr/episode07-411291-18102023-saison1-Kaala-Paani.html # string integer integer string
Les révoltés;10;1;https://www.spin-off.fr/episode10-411206-19102023-saison1-Les-revoltes.html # string integer integer string
Wolf Like Me;6;2;https://www.spin-off.fr/episode06-409705-19102023-saison2-Wolf-Like-Me.html # string integer integer string
Élite;2;7;https://www.spin-off.fr/episode02-407351-20102023-saison7-Elite.html # string integer integer string
Bob's Burgers;3;14;https://www.spin-off.fr/episode03-410885-22102023-saison14-Bob-s-Burgers.html # string integer integer string
Cooper's Bar;4;2;https://www.spin-off.fr/episode04-411064-25102023-saison2-Cooper-s-Bar.html # string integer integer string
Pluto;1;1;https://www.spin-off.fr/episode01-406634-26102023-saison1-Pluto.html # string integer integer string
Fear the Walking Dead;8;8;https://www.spin-off.fr/episode08-408755-29102023-saison8-Fear-the-Walking-Dead.html # string integer integer string
SOKO Potsdam;2;6;https://www.spin-off.fr/episode02-410907-02102023-saison6-SOKO-Potsdam.html # string integer integer string
Hans River Police;8;1;https://www.spin-off.fr/episode08-409973-04102023-saison1-Hans-River-Police.html # string integer integer string
Lupin;2;3;https://www.spin-off.fr/episode02-404380-05102023-saison3-Lupin.html # string integer integer string
Gaslight;6;1;https://www.spin-off.fr/episode06-410682-06102023-saison1-Gaslight.html # string integer integer string
Arthdal Chronicles;10;2;https://www.spin-off.fr/episode10-411011-08102023-saison2-Arthdal-Chronicles.html # string integer integer string
Ví?az;6;1;https://www.spin-off.fr/episode06-410697-09102023-saison1-Viaz.html # string integer integer string
Nada;1;1;https://www.spin-off.fr/episode01-410264-11102023-saison1-Nada.html # string integer integer string
Young Dylan;6;4;https://www.spin-off.fr/episode06-410624-11102023-saison4-Young-Dylan.html # string integer integer string
The Fall of the House of Usher;2;1;https://www.spin-off.fr/episode02-411090-12102023-saison1-The-Fall-of-the-House-of-Usher.html # string integer integer string
Ici tout commence;35;4;https://www.spin-off.fr/episode35-411042-13102023-saison4-Ici-tout-commence.html # string integer integer string
Pantheon;8;2;https://www.spin-off.fr/episode08-411170-15102023-saison2-Pantheon.html # string integer integer string
Les invisibles (FRA);1;3;https://www.spin-off.fr/episode01-411303-18102023-saison3-Les-invisibles-(FRA).html # string integer integer string
Loki;3;2;https://www.spin-off.fr/episode03-410903-19102023-saison2-Loki.html # string integer integer string
Wolf Like Me;7;2;https://www.spin-off.fr/episode07-409706-19102023-saison2-Wolf-Like-Me.html # string integer integer string
Élite;3;7;https://www.spin-off.fr/episode03-407352-20102023-saison7-Elite.html # string integer integer string
Entre Tierras;7;1;https://www.spin-off.fr/episode07-410973-22102023-saison1-Entre-Tierras.html # string integer integer string
Hudson & Rex;4;6;https://www.spin-off.fr/episode04-411098-25102023-saison6-Hudson--Rex.html # string integer integer string
Star Trek: Lower Decks;9;4;https://www.spin-off.fr/episode09-409763-26102023-saison4-Star-Trek-Lower-Decks.html # string integer integer string
Heartland (CA);5;17;https://www.spin-off.fr/episode05-411244-29102023-saison17-Heartland-(CA).html # string integer integer string
